address,chain,type,confidence,evidence
0x7d84d78bb9b6044a45fa08b7fe109f2c8648ab4e,ethereum,exploiter,high,"OpenSanctions_Lazarus_DPRK"
0xa2e898180d0bc3713025d8590615a832397a8032,ethereum,exploiter,high,"OpenSanctions_Lazarus_DPRK"
0x0004a76e39d33edfeac7fc3c8d3994f54428a0be,ethereum,exploiter,high,"OpenSanctions_Lazarus_DPRK"
0xba36735021a9ccd7582ebc7f70164794154ff30e,ethereum,exploiter,high,"OpenSanctions_Lazarus_DPRK"
0xbda83686c90314cfbaaeb18db46723d83fdf0c83,ethereum,exploiter,high,"OpenSanctions_Lazarus_DPRK"
0xa26213638f79f2ed98d474cbcb87551da909685e,ethereum,exploiter,high,"OpenSanctions_Lazarus_DPRK"
0xe03a1ae400fa54283d5a1c4f8b89d3ca74afbd62,ethereum,exploiter,high,"OpenSanctions_Lazarus_DPRK"
0x95b6656838a1d852dd1313c659581f36b2afb237,ethereum,exploiter,high,"OpenSanctions_Lazarus_DPRK"
0xbcedc4f3855148df3ea5423ce758bda9f51630aa,ethereum,exploiter,high,"OpenSanctions_Lazarus_DPRK"
0x94f1b9b64e2932f6a2db338f616844400cd58e8a,ethereum,exploiter,high,"OpenSanctions_Lazarus_DPRK"
0xff29a52a538f1591235656f71135c24019bf82e5,ethereum,exploiter,high,"OpenSanctions_Lazarus_DPRK"